<?xml version="1.0" encoding="utf-8" ?><dwsync><file name="Tissue-Freezing-Media.html" server="ftp.choptest.maggie-nguyen.com//public_html/" local="3695134615" remote="3695134800" Dst="-1" /><file name="index.html" server="ftp.choptest.maggie-nguyen.com//public_html/" local="3695140345" remote="3695140380" Dst="-1" /><file name="Tissue-Cell-Culture.html" server="ftp.choptest.maggie-nguyen.com//public_html/" local="3695134669" remote="3695134800" Dst="-1" /><file name="Tissue-Flash-Frozen.html" server="ftp.choptest.maggie-nguyen.com//public_html/" local="3695134672" remote="3695134800" Dst="-1" /><file name="contact.html" server="ftp.choptest.maggie-nguyen.com//public_html/" local="3695135166" remote="3695137680" Dst="-1" /><file name="register.html" server="ftp.choptest.maggie-nguyen.com//public_html/" local="3694780394" remote="3695134440" Dst="-1" /><file name="all-data.html" server="ftp.choptest.maggie-nguyen.com//public_html/" local="3695134716" remote="3695134800" Dst="-1" /><file name="Blood-EDTA.html" server="ftp.choptest.maggie-nguyen.com//public_html/" local="3695134699" remote="3695134800" Dst="-1" /><file name="README.md" server="ftp.choptest.maggie-nguyen.com//public_html/" local="3695142439" remote="3695142480" Dst="-1" /></dwsync>